player_id,player_name,team_id,fixture_id,stats.rating,player_image_path,stats.shots.shots_total,stats.shots.shots_on_goal,stats.goals.scored,stats.passing.total_crosses,stats.passing.crosses_accuracy,stats.passing.passes,stats.passing.accurate_passes,stats.passing.passes_accuracy,stats.passing.key_passes,stats.dribbles.attempts,stats.dribbles.success,stats.dribbles.dribbled_past,stats.other.aerials_won,stats.other.offsides,stats.other.hit_woodwork,stats.other.minutes_played,fixture_string
997,Harry Kane,6,16924600,6.90,https://cdn.sportmonks.com/images/soccer/players/5/997.png,2,1,0,1,0,16,9,56,2,2,1,3,2,0,0,90,Tottenham Hotspur vs Everton (2020-09-13)
997,Harry Kane,6,16924613,9.84,https://cdn.sportmonks.com/images/soccer/players/5/997.png,2,1,1,0,0,13,8,61,4,2,1,0,1,1,0,84,Southampton vs Tottenham Hotspur (2020-09-20)
997,Harry Kane,6,16924622,7.23,https://cdn.sportmonks.com/images/soccer/players/5/997.png,8,5,0,1,0,18,15,83,2,1,1,0,1,0,0,90,Tottenham Hotspur vs Newcastle United (2020-09-27)
997,Harry Kane,6,16924631,8.91,https://cdn.sportmonks.com/images/soccer/players/5/997.png,5,3,2,2,0,26,23,88,3,1,0,2,0,0,0,90,Manchester United vs Tottenham Hotspur (2020-10-04)
997,Harry Kane,6,16924643,9.95,https://cdn.sportmonks.com/images/soccer/players/5/997.png,5,3,2,1,1,43,33,76,2,1,1,0,6,1,1,90,Tottenham Hotspur vs West Ham United (2020-10-18)
997,Harry Kane,6,16924648,8.03,https://cdn.sportmonks.com/images/soccer/players/5/997.png,2,0,0,0,0,23,17,73,1,4,2,1,4,0,0,90,Burnley vs Tottenham Hotspur (2020-10-26)
997,Harry Kane,6,16924663,6.85,https://cdn.sportmonks.com/images/soccer/players/5/997.png,2,1,1,0,0,28,15,53,0,2,0,0,5,0,1,90,Tottenham Hotspur vs Brighton & Hove Albion (2020-11-01)
997,Harry Kane,6,16924673,8.04,https://cdn.sportmonks.com/images/soccer/players/5/997.png,3,1,1,1,1,34,25,73,4,5,3,1,3,1,0,90,West Bromwich Albion vs Tottenham Hotspur (2020-11-08)
997,Harry Kane,6,16924683,7.10,https://cdn.sportmonks.com/images/soccer/players/5/997.png,0,0,0,0,0,28,18,64,1,1,0,0,0,1,0,90,Tottenham Hotspur vs Manchester City (2020-11-21)
997,Harry Kane,6,16924687,6.85,https://cdn.sportmonks.com/images/soccer/players/5/997.png,1,0,0,0,0,28,23,82,2,0,0,1,2,0,0,90,Chelsea vs Tottenham Hotspur (2020-11-29)
997,Harry Kane,6,16924702,7.81,https://cdn.sportmonks.com/images/soccer/players/5/997.png,2,1,1,0,0,12,5,41,1,2,1,1,1,0,0,90,Tottenham Hotspur vs Arsenal (2020-12-06)
997,Harry Kane,6,16924706,8.05,https://cdn.sportmonks.com/images/soccer/players/5/997.png,4,3,1,0,0,20,13,65,1,1,0,0,3,0,0,90,Crystal Palace vs Tottenham Hotspur (2020-12-13)
997,Harry Kane,6,16924723,6.45,https://cdn.sportmonks.com/images/soccer/players/5/997.png,4,0,0,0,0,19,12,63,0,1,0,0,2,0,0,90,Liverpool vs Tottenham Hotspur (2020-12-16)
997,Harry Kane,6,16924733,7.80,https://cdn.sportmonks.com/images/soccer/players/5/997.png,4,2,0,3,1,29,20,68,0,6,4,0,4,0,0,90,Tottenham Hotspur vs Leicester City (2020-12-20)
997,Harry Kane,6,16924744,6.71,https://cdn.sportmonks.com/images/soccer/players/5/997.png,0,0,0,0,0,39,26,66,0,4,2,1,5,0,0,90,Wolverhampton Wanderers vs Tottenham Hotspur (2020-12-27)
997,Harry Kane,6,16924753,7.00,https://cdn.sportmonks.com/images/soccer/players/5/997.png,2,1,1,3,0,26,14,53,1,1,0,1,1,0,0,90,Tottenham Hotspur vs Fulham (2021-01-13)
997,Harry Kane,6,16924763,8.84,https://cdn.sportmonks.com/images/soccer/players/5/997.png,6,2,1,1,1,31,20,64,1,6,6,1,3,0,0,87,Tottenham Hotspur vs Leeds United (2021-01-02)
997,Harry Kane,6,16924782,8.41,https://cdn.sportmonks.com/images/soccer/players/5/997.png,4,2,1,1,0,33,24,72,4,8,4,0,2,0,0,90,Sheffield United vs Tottenham Hotspur (2021-01-17)
997,Harry Kane,6,16924793,6.40,https://cdn.sportmonks.com/images/soccer/players/5/997.png,0,0,0,1,0,8,3,37,0,1,0,0,1,1,0,46,Tottenham Hotspur vs Liverpool (2021-01-28)
997,Harry Kane,6,16924823,7.14,https://cdn.sportmonks.com/images/soccer/players/5/997.png,4,2,1,2,0,29,21,72,2,4,1,1,1,0,0,90,Tottenham Hotspur vs West Bromwich Albion (2021-02-07)
997,Harry Kane,6,16943043,6.50,https://cdn.sportmonks.com/images/soccer/players/5/997.png,2,1,0,1,0,20,19,95,1,7,1,0,2,0,1,90,Manchester City vs Tottenham Hotspur (2021-02-13)
4313,Heung-Min Son,6,16924600,7.30,https://cdn.sportmonks.com/images/soccer/players/25/4313.png,1,1,0,9,3,21,18,85,3,0,0,1,0,0,0,90,Tottenham Hotspur vs Everton (2020-09-13)
4313,Heung-Min Son,6,16924613,10.00,https://cdn.sportmonks.com/images/soccer/players/25/4313.png,4,4,4,4,0,23,17,73,2,1,1,1,1,4,0,90,Southampton vs Tottenham Hotspur (2020-09-20)
4313,Heung-Min Son,6,16924622,7.51,https://cdn.sportmonks.com/images/soccer/players/25/4313.png,2,0,0,3,2,17,14,82,3,1,1,0,0,0,2,46,Tottenham Hotspur vs Newcastle United (2020-09-27)
4313,Heung-Min Son,6,16924631,9.12,https://cdn.sportmonks.com/images/soccer/players/25/4313.png,2,2,2,2,2,33,32,96,5,0,0,0,1,0,0,73,Manchester United vs Tottenham Hotspur (2020-10-04)
4313,Heung-Min Son,6,16924643,7.84,https://cdn.sportmonks.com/images/soccer/players/25/4313.png,2,2,1,3,0,33,25,75,3,4,2,1,1,0,0,80,Tottenham Hotspur vs West Ham United (2020-10-18)
4313,Heung-Min Son,6,16924648,7.15,https://cdn.sportmonks.com/images/soccer/players/25/4313.png,1,1,1,4,1,40,33,82,0,2,1,1,1,0,0,90,Burnley vs Tottenham Hotspur (2020-10-26)
4313,Heung-Min Son,6,16924663,6.55,https://cdn.sportmonks.com/images/soccer/players/25/4313.png,1,0,0,4,0,16,10,62,1,0,0,2,1,0,0,85,Tottenham Hotspur vs Brighton & Hove Albion (2020-11-01)
4313,Heung-Min Son,6,16924673,6.63,https://cdn.sportmonks.com/images/soccer/players/25/4313.png,1,1,0,4,2,36,32,88,1,0,0,2,0,0,0,90,West Bromwich Albion vs Tottenham Hotspur (2020-11-08)
4313,Heung-Min Son,6,16924683,7.31,https://cdn.sportmonks.com/images/soccer/players/25/4313.png,1,1,1,1,0,22,17,77,0,2,1,2,1,0,0,90,Tottenham Hotspur vs Manchester City (2020-11-21)
4313,Heung-Min Son,6,16924687,6.85,https://cdn.sportmonks.com/images/soccer/players/25/4313.png,0,0,0,4,2,33,31,93,0,2,2,0,0,1,0,90,Chelsea vs Tottenham Hotspur (2020-11-29)
4313,Heung-Min Son,6,16924702,7.82,https://cdn.sportmonks.com/images/soccer/players/25/4313.png,1,1,1,5,1,16,11,68,2,3,0,1,0,0,0,88,Tottenham Hotspur vs Arsenal (2020-12-06)
4313,Heung-Min Son,6,16924706,7.11,https://cdn.sportmonks.com/images/soccer/players/25/4313.png,1,0,0,7,1,21,19,90,2,3,1,1,1,0,0,90,Crystal Palace vs Tottenham Hotspur (2020-12-13)
4313,Heung-Min Son,6,16924723,7.81,https://cdn.sportmonks.com/images/soccer/players/25/4313.png,1,1,1,2,1,21,17,80,2,1,1,2,1,0,0,87,Liverpool vs Tottenham Hotspur (2020-12-16)
4313,Heung-Min Son,6,16924733,6.13,https://cdn.sportmonks.com/images/soccer/players/25/4313.png,1,1,0,5,2,27,22,81,3,0,0,2,1,1,0,90,Tottenham Hotspur vs Leicester City (2020-12-20)
4313,Heung-Min Son,6,16924744,6.72,https://cdn.sportmonks.com/images/soccer/players/25/4313.png,1,1,0,3,1,31,25,80,1,3,1,4,0,0,0,84,Wolverhampton Wanderers vs Tottenham Hotspur (2020-12-27)
4313,Heung-Min Son,6,16924753,6.12,https://cdn.sportmonks.com/images/soccer/players/25/4313.png,4,2,0,5,1,27,24,88,0,4,4,1,1,2,1,90,Tottenham Hotspur vs Fulham (2021-01-13)
4313,Heung-Min Son,6,16924763,8.25,https://cdn.sportmonks.com/images/soccer/players/25/4313.png,1,1,1,5,3,27,24,88,4,2,1,1,0,0,0,90,Tottenham Hotspur vs Leeds United (2021-01-02)
4313,Heung-Min Son,6,16924782,7.22,https://cdn.sportmonks.com/images/soccer/players/25/4313.png,1,0,0,9,2,20,14,70,3,2,1,2,1,0,1,90,Sheffield United vs Tottenham Hotspur (2021-01-17)
4313,Heung-Min Son,6,16924793,6.20,https://cdn.sportmonks.com/images/soccer/players/25/4313.png,2,1,0,1,0,30,26,86,0,6,2,2,1,1,0,90,Tottenham Hotspur vs Liverpool (2021-01-28)
4313,Heung-Min Son,6,16924796,7.14,https://cdn.sportmonks.com/images/soccer/players/25/4313.png,1,1,0,1,0,34,27,79,2,2,2,0,2,0,0,90,Brighton & Hove Albion vs Tottenham Hotspur (2021-01-31)
4313,Heung-Min Son,6,16924813,7.34,https://cdn.sportmonks.com/images/soccer/players/25/4313.png,2,1,0,2,1,28,23,82,2,2,0,2,0,0,0,90,Tottenham Hotspur vs Chelsea (2021-02-04)
4313,Heung-Min Son,6,16924823,7.42,https://cdn.sportmonks.com/images/soccer/players/25/4313.png,3,3,1,5,0,33,28,84,1,2,1,1,0,1,0,90,Tottenham Hotspur vs West Bromwich Albion (2021-02-07)
4313,Heung-Min Son,6,16943043,6.65,https://cdn.sportmonks.com/images/soccer/players/25/4313.png,0,0,0,5,0,32,25,78,0,3,2,3,0,0,0,90,Manchester City vs Tottenham Hotspur (2021-02-13)
1175,Patrick Bamford,71,16924599,7.13,https://cdn.sportmonks.com/images/soccer/players/23/1175.png,1,1,1,0,0,10,6,60,0,0,0,1,0,1,0,62,Liverpool vs Leeds United (2020-09-12)
1175,Patrick Bamford,71,16924609,7.93,https://cdn.sportmonks.com/images/soccer/players/23/1175.png,1,1,1,0,0,11,10,90,1,1,1,2,1,1,0,70,Leeds United vs Fulham (2020-09-19)
1175,Patrick Bamford,71,16924621,7.62,https://cdn.sportmonks.com/images/soccer/players/23/1175.png,4,2,1,0,0,15,12,80,1,2,0,1,2,1,0,90,Sheffield United vs Leeds United (2020-09-27)
1175,Patrick Bamford,71,16924629,6.63,https://cdn.sportmonks.com/images/soccer/players/23/1175.png,3,2,0,0,0,11,9,81,0,0,0,0,0,0,0,90,Leeds United vs Manchester City (2020-10-03)
1175,Patrick Bamford,71,16924638,6.42,https://cdn.sportmonks.com/images/soccer/players/23/1175.png,3,1,0,1,1,6,3,50,0,0,0,0,0,1,0,90,Leeds United vs Wolverhampton Wanderers (2020-10-19)
1175,Patrick Bamford,71,16924646,9.42,https://cdn.sportmonks.com/images/soccer/players/23/1175.png,8,4,3,0,0,13,8,61,2,1,1,1,3,0,0,90,Aston Villa vs Leeds United (2020-10-23)
1175,Patrick Bamford,71,16924658,5.85,https://cdn.sportmonks.com/images/soccer/players/23/1175.png,4,2,0,0,0,15,11,73,0,2,1,1,1,1,0,90,Leeds United vs Leicester City (2020-11-02)
1175,Patrick Bamford,71,16924668,6.94,https://cdn.sportmonks.com/images/soccer/players/23/1175.png,2,1,1,0,0,20,14,70,0,1,1,2,0,1,0,90,Crystal Palace vs Leeds United (2020-11-07)
1175,Patrick Bamford,71,16924678,6.40,https://cdn.sportmonks.com/images/soccer/players/23/1175.png,4,2,0,0,0,13,10,76,0,2,1,0,3,0,1,90,Leeds United vs Arsenal (2020-11-22)
1175,Patrick Bamford,71,16924689,6.61,https://cdn.sportmonks.com/images/soccer/players/23/1175.png,3,1,0,0,0,10,9,90,2,0,0,1,1,1,0,90,Everton vs Leeds United (2020-11-28)
1175,Patrick Bamford,71,16924698,7.63,https://cdn.sportmonks.com/images/soccer/players/23/1175.png,3,2,1,0,0,11,9,81,0,1,1,0,0,1,0,90,Chelsea vs Leeds United (2020-12-05)
1175,Patrick Bamford,71,16924709,7.62,https://cdn.sportmonks.com/images/soccer/players/23/1175.png,3,1,0,0,0,15,13,86,0,1,1,0,1,0,0,74,Leeds United vs West Ham United (2020-12-11)
1175,Patrick Bamford,71,16924718,7.41,https://cdn.sportmonks.com/images/soccer/players/23/1175.png,3,3,1,0,0,24,18,75,1,1,1,0,0,1,0,84,Leeds United vs Newcastle United (2020-12-16)
1175,Patrick Bamford,71,16924730,6.44,https://cdn.sportmonks.com/images/soccer/players/23/1175.png,3,0,0,0,0,12,10,83,0,0,0,0,2,1,0,90,Manchester United vs Leeds United (2020-12-20)
1175,Patrick Bamford,71,16924738,7.32,https://cdn.sportmonks.com/images/soccer/players/23/1175.png,2,1,1,0,0,13,11,84,0,3,1,1,0,0,0,90,Leeds United vs Burnley (2020-12-27)
1175,Patrick Bamford,71,16924754,6.72,https://cdn.sportmonks.com/images/soccer/players/23/1175.png,0,0,0,0,0,11,8,72,1,1,0,1,2,0,0,90,West Bromwich Albion vs Leeds United (2020-12-29)
1175,Patrick Bamford,71,16924763,6.74,https://cdn.sportmonks.com/images/soccer/players/23/1175.png,6,3,0,0,0,12,11,91,0,2,0,1,1,1,0,90,Tottenham Hotspur vs Leeds United (2021-01-02)
1175,Patrick Bamford,71,16924778,6.42,https://cdn.sportmonks.com/images/soccer/players/23/1175.png,0,0,0,0,0,7,4,57,1,0,0,1,0,0,0,90,Leeds United vs Brighton & Hove Albion (2021-01-16)
1175,Patrick Bamford,71,16924791,6.64,https://cdn.sportmonks.com/images/soccer/players/23/1175.png,1,0,0,1,0,15,13,86,0,0,0,1,1,0,0,60,Newcastle United vs Leeds United (2021-01-26)
1175,Patrick Bamford,71,16924800,8.53,https://cdn.sportmonks.com/images/soccer/players/23/1175.png,2,2,1,0,0,15,11,73,3,1,0,1,3,0,1,90,Leicester City vs Leeds United (2021-01-31)
1175,Patrick Bamford,71,16924808,7.80,https://cdn.sportmonks.com/images/soccer/players/23/1175.png,4,1,0,1,0,19,17,89,3,2,1,0,2,0,1,90,Leeds United vs Everton (2021-02-03)
1175,Patrick Bamford,71,16924818,7.81,https://cdn.sportmonks.com/images/soccer/players/23/1175.png,5,3,1,0,0,19,17,89,0,1,1,0,2,0,0,90,Leeds United vs Crystal Palace (2021-02-08)
1175,Patrick Bamford,71,16943037,6.82,https://cdn.sportmonks.com/images/soccer/players/23/1175.png,1,1,0,0,0,17,13,76,1,0,0,0,2,0,0,90,Arsenal vs Leeds United (2021-02-14)
1389,Sadio Mané,8,16924599,7.33,https://cdn.sportmonks.com/images/soccer/players/13/1389.png,1,0,0,1,0,37,30,81,4,6,5,2,1,1,0,90,Liverpool vs Leeds United (2020-09-12)
1389,Sadio Mané,8,16924607,9.10,https://cdn.sportmonks.com/images/soccer/players/13/1389.png,3,3,2,1,0,40,32,80,0,4,3,1,0,1,0,90,Chelsea vs Liverpool (2020-09-20)
1389,Sadio Mané,8,16924619,7.23,https://cdn.sportmonks.com/images/soccer/players/13/1389.png,5,3,1,0,0,38,34,89,2,2,1,0,0,0,0,80,Liverpool vs Arsenal (2020-09-28)
1389,Sadio Mané,8,16924637,7.12,https://cdn.sportmonks.com/images/soccer/players/13/1389.png,4,2,1,2,1,34,26,76,2,3,1,1,3,2,0,90,Everton vs Liverpool (2020-10-17)
1389,Sadio Mané,8,16924650,7.01,https://cdn.sportmonks.com/images/soccer/players/13/1389.png,3,1,0,3,1,23,16,69,2,3,2,1,4,1,0,90,Liverpool vs Sheffield United (2020-10-24)
1389,Sadio Mané,8,16924659,7.31,https://cdn.sportmonks.com/images/soccer/players/13/1389.png,1,1,0,1,0,39,34,87,2,8,6,0,1,0,0,90,Liverpool vs West Ham United (2020-10-31)
1389,Sadio Mané,8,16924671,7.25,https://cdn.sportmonks.com/images/soccer/players/13/1389.png,0,0,0,0,0,25,16,64,1,3,3,0,0,3,0,90,Manchester City vs Liverpool (2020-11-08)
1389,Sadio Mané,8,16924679,7.15,https://cdn.sportmonks.com/images/soccer/players/13/1389.png,5,4,0,0,0,18,12,66,1,3,2,3,3,2,0,89,Liverpool vs Leicester City (2020-11-22)
1389,Sadio Mané,8,16924686,6.44,https://cdn.sportmonks.com/images/soccer/players/13/1389.png,0,0,0,0,0,6,2,33,0,1,0,0,3,1,0,32,Brighton & Hove Albion vs Liverpool (2020-11-28)
1389,Sadio Mané,8,16924699,7.65,https://cdn.sportmonks.com/images/soccer/players/13/1389.png,4,1,0,3,0,35,28,80,1,5,2,1,2,0,0,90,Liverpool vs Wolverhampton Wanderers (2020-12-06)
1389,Sadio Mané,8,16924708,6.10,https://cdn.sportmonks.com/images/soccer/players/13/1389.png,1,0,0,3,0,23,17,73,0,6,3,0,1,0,0,90,Fulham vs Liverpool (2020-12-13)
1389,Sadio Mané,8,16924723,6.93,https://cdn.sportmonks.com/images/soccer/players/13/1389.png,3,2,0,3,0,41,34,82,2,3,1,0,0,1,1,90,Liverpool vs Tottenham Hotspur (2020-12-16)
1389,Sadio Mané,8,16924728,8.44,https://cdn.sportmonks.com/images/soccer/players/13/1389.png,3,2,1,1,0,12,9,75,1,3,1,0,1,0,0,57,Crystal Palace vs Liverpool (2020-12-19)
1389,Sadio Mané,8,16924740,7.63,https://cdn.sportmonks.com/images/soccer/players/13/1389.png,2,1,1,5,0,36,27,75,1,1,1,0,0,0,0,90,Liverpool vs West Bromwich Albion (2020-12-27)
1389,Sadio Mané,8,16924751,6.85,https://cdn.sportmonks.com/images/soccer/players/13/1389.png,1,0,0,3,1,41,31,75,1,4,1,1,1,0,0,90,Newcastle United vs Liverpool (2020-12-30)
1389,Sadio Mané,8,16924762,7.80,https://cdn.sportmonks.com/images/soccer/players/13/1389.png,3,1,0,3,1,33,21,63,2,8,5,0,1,0,0,90,Southampton vs Liverpool (2021-01-04)
1389,Sadio Mané,8,16924773,8.25,https://cdn.sportmonks.com/images/soccer/players/13/1389.png,1,0,0,2,1,39,32,82,9,4,4,0,1,1,0,90,Liverpool vs Burnley (2021-01-21)
1389,Sadio Mané,8,16924780,6.84,https://cdn.sportmonks.com/images/soccer/players/13/1389.png,0,0,0,2,0,28,20,71,2,6,3,1,0,1,0,90,Liverpool vs Manchester United (2021-01-17)
1389,Sadio Mané,8,16924793,7.95,https://cdn.sportmonks.com/images/soccer/players/13/1389.png,6,4,1,2,1,31,26,83,1,1,1,0,1,1,0,90,Tottenham Hotspur vs Liverpool (2021-01-28)
1389,Sadio Mané,8,16924819,6.84,https://cdn.sportmonks.com/images/soccer/players/13/1389.png,2,1,0,1,0,23,19,82,1,2,2,1,0,1,0,90,Liverpool vs Manchester City (2021-02-07)
1389,Sadio Mané,8,16943042,7.53,https://cdn.sportmonks.com/images/soccer/players/13/1389.png,1,0,0,4,0,36,25,69,2,7,6,1,1,1,0,90,Leicester City vs Liverpool (2021-02-13)
4125,Mohamed Salah,8,16924599,9.34,https://cdn.sportmonks.com/images/soccer/players/29/4125.png,4,3,3,0,0,46,37,80,4,14,7,0,0,0,0,90,Liverpool vs Leeds United (2020-09-12)
4125,Mohamed Salah,8,16924607,7.60,https://cdn.sportmonks.com/images/soccer/players/29/4125.png,2,1,0,1,0,64,54,84,5,4,2,0,0,0,0,90,Chelsea vs Liverpool (2020-09-20)
4125,Mohamed Salah,8,16924619,7.12,https://cdn.sportmonks.com/images/soccer/players/29/4125.png,3,1,0,0,0,39,28,71,2,2,1,1,0,0,0,90,Liverpool vs Arsenal (2020-09-28)
4125,Mohamed Salah,8,16924626,8.90,https://cdn.sportmonks.com/images/soccer/players/29/4125.png,2,2,2,0,0,40,36,90,3,5,2,0,0,0,0,90,Aston Villa vs Liverpool (2020-10-04)
4125,Mohamed Salah,8,16924637,7.74,https://cdn.sportmonks.com/images/soccer/players/29/4125.png,4,4,1,0,0,29,26,89,1,4,1,0,1,0,0,90,Everton vs Liverpool (2020-10-17)
4125,Mohamed Salah,8,16924650,6.10,https://cdn.sportmonks.com/images/soccer/players/29/4125.png,3,1,0,0,0,38,33,86,2,5,2,0,0,1,1,90,Liverpool vs Sheffield United (2020-10-24)
4125,Mohamed Salah,8,16924659,7.63,https://cdn.sportmonks.com/images/soccer/players/29/4125.png,3,2,1,1,0,32,26,81,1,1,0,0,0,0,0,90,Liverpool vs West Ham United (2020-10-31)
4125,Mohamed Salah,8,16924671,7.10,https://cdn.sportmonks.com/images/soccer/players/29/4125.png,1,1,1,1,0,20,17,85,3,1,0,0,0,2,0,90,Manchester City vs Liverpool (2020-11-08)
4125,Mohamed Salah,8,16924686,6.54,https://cdn.sportmonks.com/images/soccer/players/29/4125.png,1,0,0,0,0,21,17,80,1,1,0,0,1,1,0,64,Brighton & Hove Albion vs Liverpool (2020-11-28)
4125,Mohamed Salah,8,16924699,8.63,https://cdn.sportmonks.com/images/soccer/players/29/4125.png,3,2,1,1,1,45,40,88,1,3,2,0,0,0,0,90,Liverpool vs Wolverhampton Wanderers (2020-12-06)
4125,Mohamed Salah,8,16924708,7.15,https://cdn.sportmonks.com/images/soccer/players/29/4125.png,3,2,1,0,0,24,17,70,0,2,1,0,1,1,0,84,Fulham vs Liverpool (2020-12-13)
4125,Mohamed Salah,8,16924723,7.52,https://cdn.sportmonks.com/images/soccer/players/29/4125.png,4,4,1,2,0,51,41,80,1,3,1,1,3,0,0,90,Liverpool vs Tottenham Hotspur (2020-12-16)
4125,Mohamed Salah,8,16924728,8.90,https://cdn.sportmonks.com/images/soccer/players/29/4125.png,2,2,2,0,0,29,29,100,1,0,0,0,0,0,0,33,Crystal Palace vs Liverpool (2020-12-19)
4125,Mohamed Salah,8,16924740,7.02,https://cdn.sportmonks.com/images/soccer/players/29/4125.png,3,0,0,0,0,56,52,92,1,1,1,0,1,0,0,90,Liverpool vs West Bromwich Albion (2020-12-27)
4125,Mohamed Salah,8,16924751,5.90,https://cdn.sportmonks.com/images/soccer/players/29/4125.png,2,1,0,1,0,22,19,86,0,1,1,0,1,0,0,90,Newcastle United vs Liverpool (2020-12-30)
4125,Mohamed Salah,8,16924762,6.43,https://cdn.sportmonks.com/images/soccer/players/29/4125.png,2,0,0,2,1,18,11,61,1,3,2,1,2,1,0,90,Southampton vs Liverpool (2021-01-04)
4125,Mohamed Salah,8,16924773,6.82,https://cdn.sportmonks.com/images/soccer/players/29/4125.png,1,1,0,2,0,25,21,84,1,0,0,0,0,0,0,38,Liverpool vs Burnley (2021-01-21)
4125,Mohamed Salah,8,16924780,6.71,https://cdn.sportmonks.com/images/soccer/players/29/4125.png,1,0,0,0,0,45,42,93,2,1,0,0,2,0,0,90,Liverpool vs Manchester United (2021-01-17)
4125,Mohamed Salah,8,16924793,7.42,https://cdn.sportmonks.com/images/soccer/players/29/4125.png,1,0,0,1,0,35,28,80,2,3,2,0,1,1,0,90,Tottenham Hotspur vs Liverpool (2021-01-28)
4125,Mohamed Salah,8,16924804,9.05,https://cdn.sportmonks.com/images/soccer/players/29/4125.png,6,4,2,0,0,46,40,86,1,2,1,0,1,0,0,90,West Ham United vs Liverpool (2021-01-31)
4125,Mohamed Salah,8,16924814,6.00,https://cdn.sportmonks.com/images/soccer/players/29/4125.png,2,0,0,3,2,36,31,86,0,0,0,0,0,0,0,90,Liverpool vs Brighton & Hove Albion (2021-02-03)
4125,Mohamed Salah,8,16924819,7.34,https://cdn.sportmonks.com/images/soccer/players/29/4125.png,1,1,1,0,0,30,26,86,0,1,0,1,1,0,0,90,Liverpool vs Manchester City (2021-02-07)
4125,Mohamed Salah,8,16943042,6.84,https://cdn.sportmonks.com/images/soccer/players/29/4125.png,3,2,1,2,0,31,25,80,1,1,0,1,0,0,0,90,Leicester City vs Liverpool (2021-02-13)
5141,Dominic Calvert-Lewin,13,16924600,7.52,https://cdn.sportmonks.com/images/soccer/players/21/5141.png,2,2,1,0,0,15,13,86,1,1,1,0,5,1,0,89,Tottenham Hotspur vs Everton (2020-09-13)
5141,Dominic Calvert-Lewin,13,16924608,8.95,https://cdn.sportmonks.com/images/soccer/players/21/5141.png,4,3,3,1,0,10,6,60,0,2,1,0,4,0,0,71,Everton vs West Bromwich Albion (2020-09-19)
5141,Dominic Calvert-Lewin,13,16924617,7.31,https://cdn.sportmonks.com/images/soccer/players/21/5141.png,4,2,1,0,0,17,11,64,0,1,0,0,4,0,0,90,Crystal Palace vs Everton (2020-09-26)
5141,Dominic Calvert-Lewin,13,16924628,7.65,https://cdn.sportmonks.com/images/soccer/players/21/5141.png,3,2,1,0,0,23,17,73,0,1,0,0,4,0,0,90,Everton vs Brighton & Hove Albion (2020-10-03)
5141,Dominic Calvert-Lewin,13,16924637,7.21,https://cdn.sportmonks.com/images/soccer/players/21/5141.png,5,3,1,0,0,24,17,70,0,0,0,0,4,1,0,90,Everton vs Liverpool (2020-10-17)
5141,Dominic Calvert-Lewin,13,16924652,6.10,https://cdn.sportmonks.com/images/soccer/players/21/5141.png,0,0,0,1,1,7,5,71,0,3,0,0,2,0,0,90,Southampton vs Everton (2020-10-25)
5141,Dominic Calvert-Lewin,13,16924661,8.05,https://cdn.sportmonks.com/images/soccer/players/21/5141.png,3,2,1,0,0,19,16,84,3,1,1,0,5,0,0,90,Newcastle United vs Everton (2020-11-01)
5141,Dominic Calvert-Lewin,13,16924669,7.43,https://cdn.sportmonks.com/images/soccer/players/21/5141.png,1,0,0,1,1,18,13,72,0,2,1,0,9,2,0,90,Everton vs Manchester United (2020-11-07)
5141,Dominic Calvert-Lewin,13,16924677,8.54,https://cdn.sportmonks.com/images/soccer/players/21/5141.png,3,3,2,0,0,29,20,68,1,1,1,1,4,2,0,90,Fulham vs Everton (2020-11-22)
5141,Dominic Calvert-Lewin,13,16924689,7.62,https://cdn.sportmonks.com/images/soccer/players/21/5141.png,3,1,0,0,0,35,27,77,2,2,1,0,8,0,0,90,Everton vs Leeds United (2020-11-28)
5141,Dominic Calvert-Lewin,13,16924697,6.54,https://cdn.sportmonks.com/images/soccer/players/21/5141.png,3,3,1,0,0,18,15,83,0,0,0,0,2,1,0,90,Burnley vs Everton (2020-12-05)
5141,Dominic Calvert-Lewin,13,16924707,7.40,https://cdn.sportmonks.com/images/soccer/players/21/5141.png,0,0,0,0,0,21,13,61,0,2,2,0,7,2,0,90,Everton vs Chelsea (2020-12-12)
5141,Dominic Calvert-Lewin,13,16924719,6.22,https://cdn.sportmonks.com/images/soccer/players/21/5141.png,2,2,0,0,0,18,9,50,0,0,0,0,3,0,1,90,Leicester City vs Everton (2020-12-16)
5141,Dominic Calvert-Lewin,13,16924729,7.03,https://cdn.sportmonks.com/images/soccer/players/21/5141.png,2,1,0,2,0,21,16,76,0,2,1,1,4,0,0,90,Everton vs Arsenal (2020-12-19)
5141,Dominic Calvert-Lewin,13,16924742,6.21,https://cdn.sportmonks.com/images/soccer/players/21/5141.png,1,0,0,0,0,24,18,75,1,4,2,0,3,0,0,90,Sheffield United vs Everton (2020-12-26)
5141,Dominic Calvert-Lewin,13,16924759,6.84,https://cdn.sportmonks.com/images/soccer/players/21/5141.png,2,0,0,0,0,21,14,66,0,2,1,0,3,0,0,79,Everton vs West Ham United (2021-01-01)
5141,Dominic Calvert-Lewin,13,16924787,6.81,https://cdn.sportmonks.com/images/soccer/players/21/5141.png,2,1,0,0,0,19,15,78,0,0,0,0,5,0,0,89,Everton vs Leicester City (2021-01-27)
5141,Dominic Calvert-Lewin,13,16924799,7.05,https://cdn.sportmonks.com/images/soccer/players/21/5141.png,1,1,0,1,0,22,14,63,1,0,0,0,3,1,0,90,Everton vs Newcastle United (2021-01-30)
5141,Dominic Calvert-Lewin,13,16924808,7.45,https://cdn.sportmonks.com/images/soccer/players/21/5141.png,5,4,1,1,0,31,18,58,0,4,2,1,8,0,0,90,Leeds United vs Everton (2021-02-03)
5141,Dominic Calvert-Lewin,13,16924820,7.23,https://cdn.sportmonks.com/images/soccer/players/21/5141.png,1,1,1,0,0,20,15,75,1,0,0,0,4,2,0,90,Manchester United vs Everton (2021-02-06)
1878,Marcus Rashford,14,16924595,7.34,https://cdn.sportmonks.com/images/soccer/players/22/1878.png,0,0,0,4,0,48,43,89,1,6,4,0,0,0,0,80,Burnley vs Manchester United (2021-01-12)
1878,Marcus Rashford,14,16924611,6.33,https://cdn.sportmonks.com/images/soccer/players/22/1878.png,0,0,0,0,0,53,45,84,2,4,2,2,0,0,0,90,Manchester United vs Crystal Palace (2020-09-19)
1878,Marcus Rashford,14,16924615,7.12,https://cdn.sportmonks.com/images/soccer/players/22/1878.png,1,1,1,0,0,28,25,89,1,2,1,1,0,3,0,90,Brighton & Hove Albion vs Manchester United (2020-09-26)
1878,Marcus Rashford,14,16924631,5.72,https://cdn.sportmonks.com/images/soccer/players/22/1878.png,0,0,0,0,0,27,22,81,1,3,2,2,0,1,0,90,Manchester United vs Tottenham Hotspur (2020-10-04)
1878,Marcus Rashford,14,16924641,8.94,https://cdn.sportmonks.com/images/soccer/players/22/1878.png,5,4,1,1,0,33,28,84,3,5,2,1,0,1,0,90,Newcastle United vs Manchester United (2020-10-17)
1878,Marcus Rashford,14,16924651,6.75,https://cdn.sportmonks.com/images/soccer/players/22/1878.png,2,2,0,0,0,32,24,75,1,3,1,0,2,0,0,90,Manchester United vs Chelsea (2020-10-24)
1878,Marcus Rashford,14,16924660,7.01,https://cdn.sportmonks.com/images/soccer/players/22/1878.png,0,0,0,1,0,26,22,84,1,1,0,0,1,0,0,90,Manchester United vs Arsenal (2020-11-01)
1878,Marcus Rashford,14,16924669,7.04,https://cdn.sportmonks.com/images/soccer/players/22/1878.png,3,1,0,0,0,35,24,68,4,5,3,0,2,0,0,90,Everton vs Manchester United (2020-11-07)
1878,Marcus Rashford,14,16924680,6.52,https://cdn.sportmonks.com/images/soccer/players/22/1878.png,2,2,0,2,0,34,30,88,0,5,3,0,2,0,0,79,Manchester United vs West Bromwich Albion (2020-11-21)
1878,Marcus Rashford,14,16924692,7.13,https://cdn.sportmonks.com/images/soccer/players/22/1878.png,1,1,0,1,1,27,17,62,3,4,2,1,2,0,0,90,Southampton vs Manchester United (2020-11-29)
1878,Marcus Rashford,14,16924704,7.14,https://cdn.sportmonks.com/images/soccer/players/22/1878.png,3,1,1,0,0,17,16,94,1,4,3,0,0,0,1,49,West Ham United vs Manchester United (2020-12-05)
1878,Marcus Rashford,14,16924711,6.41,https://cdn.sportmonks.com/images/soccer/players/22/1878.png,1,0,0,0,0,16,14,87,1,3,1,2,0,1,0,90,Manchester United vs Manchester City (2020-12-12)
1878,Marcus Rashford,14,16924720,8.64,https://cdn.sportmonks.com/images/soccer/players/22/1878.png,4,3,2,0,0,31,27,87,1,5,4,1,1,2,0,90,Sheffield United vs Manchester United (2020-12-17)
1878,Marcus Rashford,14,16924730,7.60,https://cdn.sportmonks.com/images/soccer/players/22/1878.png,1,1,0,0,0,33,26,78,1,7,5,0,0,0,0,71,Manchester United vs Leeds United (2020-12-20)
1878,Marcus Rashford,14,16924739,6.20,https://cdn.sportmonks.com/images/soccer/players/22/1878.png,3,2,1,0,0,17,13,76,0,5,2,1,0,3,0,90,Leicester City vs Manchester United (2020-12-26)
1878,Marcus Rashford,14,16924750,6.93,https://cdn.sportmonks.com/images/soccer/players/22/1878.png,3,1,1,0,0,56,47,83,0,8,3,0,1,1,0,90,Manchester United vs Wolverhampton Wanderers (2020-12-29)
1878,Marcus Rashford,14,16924760,7.15,https://cdn.sportmonks.com/images/soccer/players/22/1878.png,3,2,0,2,0,27,22,81,0,7,4,0,2,1,0,90,Manchester United vs Aston Villa (2021-01-01)
1878,Marcus Rashford,14,16924767,6.83,https://cdn.sportmonks.com/images/soccer/players/22/1878.png,0,0,0,0,0,5,3,60,0,1,1,1,0,0,0,9,Fulham vs Manchester United (2021-01-20)
1878,Marcus Rashford,14,16924780,6.62,https://cdn.sportmonks.com/images/soccer/players/22/1878.png,0,0,0,1,0,22,13,59,0,0,0,0,1,5,0,90,Liverpool vs Manchester United (2021-01-17)
1878,Marcus Rashford,14,16924788,7.30,https://cdn.sportmonks.com/images/soccer/players/22/1878.png,2,1,0,0,0,50,38,76,0,5,5,0,0,0,0,90,Manchester United vs Sheffield United (2021-01-27)
1878,Marcus Rashford,14,16924795,6.54,https://cdn.sportmonks.com/images/soccer/players/22/1878.png,2,0,0,2,1,35,26,74,0,6,4,1,0,1,0,80,Arsenal vs Manchester United (2021-01-30)
1878,Marcus Rashford,14,16924811,7.42,https://cdn.sportmonks.com/images/soccer/players/22/1878.png,2,2,1,2,0,50,44,88,1,2,0,0,1,0,0,60,Manchester United vs Southampton (2021-02-02)
1878,Marcus Rashford,14,16924820,6.32,https://cdn.sportmonks.com/images/soccer/players/22/1878.png,2,1,0,1,1,44,35,79,2,9,5,0,1,0,0,90,Manchester United vs Everton (2021-02-06)
1878,Marcus Rashford,14,16943045,7.13,https://cdn.sportmonks.com/images/soccer/players/22/1878.png,0,0,0,5,0,44,39,88,2,6,4,1,0,1,0,90,West Bromwich Albion vs Manchester United (2021-02-14)
129602,Bruno Fernandes,14,16924595,7.72,https://cdn.sportmonks.com/images/soccer/players/2/129602.png,3,3,0,7,3,63,51,80,1,0,0,0,0,0,0,89,Burnley vs Manchester United (2021-01-12)
129602,Bruno Fernandes,14,16924611,7.44,https://cdn.sportmonks.com/images/soccer/players/2/129602.png,1,1,0,12,4,94,72,76,5,0,0,1,0,0,0,90,Manchester United vs Crystal Palace (2020-09-19)
129602,Bruno Fernandes,14,16924615,8.32,https://cdn.sportmonks.com/images/soccer/players/2/129602.png,1,1,1,5,2,50,42,84,2,4,2,3,0,0,0,90,Brighton & Hove Albion vs Manchester United (2020-09-26)
129602,Bruno Fernandes,14,16924631,6.20,https://cdn.sportmonks.com/images/soccer/players/2/129602.png,1,1,1,3,1,30,23,76,1,2,1,4,0,0,0,46,Manchester United vs Tottenham Hotspur (2020-10-04)
129602,Bruno Fernandes,14,16924641,8.92,https://cdn.sportmonks.com/images/soccer/players/2/129602.png,4,3,1,8,2,75,60,80,6,4,2,4,2,0,0,90,Newcastle United vs Manchester United (2020-10-17)
129602,Bruno Fernandes,14,16924651,7.84,https://cdn.sportmonks.com/images/soccer/players/2/129602.png,3,1,0,6,3,67,52,77,4,1,0,1,0,0,0,90,Manchester United vs Chelsea (2020-10-24)
129602,Bruno Fernandes,14,16924660,7.05,https://cdn.sportmonks.com/images/soccer/players/2/129602.png,0,0,0,4,1,35,25,71,1,1,0,0,0,2,0,75,Manchester United vs Arsenal (2020-11-01)
129602,Bruno Fernandes,14,16924669,8.84,https://cdn.sportmonks.com/images/soccer/players/2/129602.png,4,3,2,4,1,49,37,75,1,2,1,2,0,0,0,90,Everton vs Manchester United (2020-11-07)
129602,Bruno Fernandes,14,16924680,9.05,https://cdn.sportmonks.com/images/soccer/players/2/129602.png,2,2,1,5,3,82,63,76,6,2,1,3,1,0,0,90,Manchester United vs West Bromwich Albion (2020-11-21)
129602,Bruno Fernandes,14,16924692,6.71,https://cdn.sportmonks.com/images/soccer/players/2/129602.png,5,2,1,7,0,59,36,61,1,1,0,3,0,0,1,90,Southampton vs Manchester United (2020-11-29)
129602,Bruno Fernandes,14,16924704,8.13,https://cdn.sportmonks.com/images/soccer/players/2/129602.png,0,0,0,2,0,39,33,84,8,0,0,1,0,0,0,49,West Ham United vs Manchester United (2020-12-05)
129602,Bruno Fernandes,14,16924711,6.94,https://cdn.sportmonks.com/images/soccer/players/2/129602.png,3,2,0,2,1,50,34,68,2,2,1,3,0,0,0,90,Manchester United vs Manchester City (2020-12-12)
129602,Bruno Fernandes,14,16924720,7.23,https://cdn.sportmonks.com/images/soccer/players/2/129602.png,1,0,0,3,0,52,41,78,1,1,0,1,0,0,0,80,Sheffield United vs Manchester United (2020-12-17)
129602,Bruno Fernandes,14,16924730,9.15,https://cdn.sportmonks.com/images/soccer/players/2/129602.png,3,2,2,1,1,38,30,78,3,0,0,1,0,0,0,71,Manchester United vs Leeds United (2020-12-20)
129602,Bruno Fernandes,14,16924739,7.80,https://cdn.sportmonks.com/images/soccer/players/2/129602.png,2,1,1,3,1,44,31,70,3,0,0,3,2,0,0,90,Leicester City vs Manchester United (2020-12-26)
129602,Bruno Fernandes,14,16924750,7.11,https://cdn.sportmonks.com/images/soccer/players/2/129602.png,1,1,0,3,1,71,53,74,3,1,0,4,0,0,0,90,Manchester United vs Wolverhampton Wanderers (2020-12-29)
129602,Bruno Fernandes,14,16924760,7.44,https://cdn.sportmonks.com/images/soccer/players/2/129602.png,3,2,1,5,0,46,36,78,5,1,0,2,1,0,1,87,Manchester United vs Aston Villa (2021-01-01)
129602,Bruno Fernandes,14,16924767,8.05,https://cdn.sportmonks.com/images/soccer/players/2/129602.png,3,1,0,4,1,69,54,78,2,0,0,2,0,1,1,90,Fulham vs Manchester United (2021-01-20)
129602,Bruno Fernandes,14,16924780,6.85,https://cdn.sportmonks.com/images/soccer/players/2/129602.png,3,2,0,4,2,33,20,60,1,0,0,3,0,0,0,89,Liverpool vs Manchester United (2021-01-17)
129602,Bruno Fernandes,14,16924788,7.31,https://cdn.sportmonks.com/images/soccer/players/2/129602.png,0,0,0,5,0,75,60,80,3,2,1,0,0,0,0,90,Manchester United vs Sheffield United (2021-01-27)
129602,Bruno Fernandes,14,16924795,7.31,https://cdn.sportmonks.com/images/soccer/players/2/129602.png,1,0,0,6,0,47,43,91,1,0,0,0,1,0,0,90,Arsenal vs Manchester United (2021-01-30)
129602,Bruno Fernandes,14,16924811,9.64,https://cdn.sportmonks.com/images/soccer/players/2/129602.png,4,3,1,7,1,67,51,76,5,0,0,1,1,0,0,90,Manchester United vs Southampton (2021-02-02)
129602,Bruno Fernandes,14,16924820,8.00,https://cdn.sportmonks.com/images/soccer/players/2/129602.png,3,1,1,7,2,65,55,84,3,0,0,1,1,0,0,90,Manchester United vs Everton (2021-02-06)
129602,Bruno Fernandes,14,16943045,7.81,https://cdn.sportmonks.com/images/soccer/players/2/129602.png,3,3,1,7,0,78,59,75,0,1,0,1,1,0,0,90,West Bromwich Albion vs Manchester United (2021-02-14)
3139,Tammy Abraham,18,16924603,,https://cdn.sportmonks.com/images/soccer/players/3/3139.png,,,0,,,,,,,,,,,,,,Brighton & Hove Albion vs Chelsea (2020-09-14)
3139,Tammy Abraham,18,16924607,6.82,https://cdn.sportmonks.com/images/soccer/players/3/3139.png,1,1,0,0,0,4,3,75,0,0,0,0,1,0,0,14,Chelsea vs Liverpool (2020-09-20)
3139,Tammy Abraham,18,16924623,6.82,https://cdn.sportmonks.com/images/soccer/players/3/3139.png,3,1,1,0,0,24,16,66,0,1,0,0,1,0,0,90,West Bromwich Albion vs Chelsea (2020-09-26)
3139,Tammy Abraham,18,16924627,7.25,https://cdn.sportmonks.com/images/soccer/players/3/3139.png,4,1,0,1,0,18,12,66,1,3,2,1,3,0,0,90,Chelsea vs Crystal Palace (2020-10-03)
3139,Tammy Abraham,18,16924635,0.00,https://cdn.sportmonks.com/images/soccer/players/3/3139.png,0,0,0,0,0,1,1,100,0,0,0,0,0,0,0,4,Chelsea vs Southampton (2020-10-17)
3139,Tammy Abraham,18,16924651,6.41,https://cdn.sportmonks.com/images/soccer/players/3/3139.png,0,0,0,0,0,2,2,100,0,2,0,0,2,0,0,23,Manchester United vs Chelsea (2020-10-24)
3139,Tammy Abraham,18,16924656,6.90,https://cdn.sportmonks.com/images/soccer/players/3/3139.png,1,1,0,0,0,24,19,79,1,0,0,2,3,2,0,77,Burnley vs Chelsea (2020-10-31)
3139,Tammy Abraham,18,16924667,7.63,https://cdn.sportmonks.com/images/soccer/players/3/3139.png,3,2,1,0,0,15,11,73,4,0,0,0,1,0,0,90,Chelsea vs Sheffield United (2020-11-07)
3139,Tammy Abraham,18,16924681,7.85,https://cdn.sportmonks.com/images/soccer/players/3/3139.png,2,2,1,0,0,17,9,52,3,0,0,0,4,0,0,90,Newcastle United vs Chelsea (2020-11-21)
3139,Tammy Abraham,18,16924687,7.11,https://cdn.sportmonks.com/images/soccer/players/3/3139.png,4,0,0,0,0,14,8,57,0,1,1,1,5,0,0,79,Chelsea vs Tottenham Hotspur (2020-11-29)
3139,Tammy Abraham,18,16924698,6.63,https://cdn.sportmonks.com/images/soccer/players/3/3139.png,1,0,0,0,0,5,5,100,0,1,0,0,0,0,0,15,Chelsea vs Leeds United (2020-12-05)
3139,Tammy Abraham,18,16924707,6.51,https://cdn.sportmonks.com/images/soccer/players/3/3139.png,0,0,0,2,0,6,5,83,0,1,1,0,0,0,0,27,Everton vs Chelsea (2020-12-12)
3139,Tammy Abraham,18,16924722,6.60,https://cdn.sportmonks.com/images/soccer/players/3/3139.png,0,0,0,0,0,4,2,50,0,0,0,0,1,0,0,27,Wolverhampton Wanderers vs Chelsea (2020-12-15)
3139,Tammy Abraham,18,16924727,8.62,https://cdn.sportmonks.com/images/soccer/players/3/3139.png,2,2,2,1,0,19,13,68,0,2,2,0,5,0,0,90,Chelsea vs West Ham United (2020-12-21)
3139,Tammy Abraham,18,16924735,7.23,https://cdn.sportmonks.com/images/soccer/players/3/3139.png,2,1,1,1,0,17,14,82,0,2,0,0,6,0,0,90,Arsenal vs Chelsea (2020-12-26)
3139,Tammy Abraham,18,16924747,,https://cdn.sportmonks.com/images/soccer/players/3/3139.png,,,0,,,,,,,,,,,,,,Chelsea vs Aston Villa (2020-12-28)
3139,Tammy Abraham,18,16924757,,https://cdn.sportmonks.com/images/soccer/players/3/3139.png,,,0,,,,,,,,,,,,,,Chelsea vs Manchester City (2021-01-03)
3139,Tammy Abraham,18,16924769,6.21,https://cdn.sportmonks.com/images/soccer/players/3/3139.png,1,1,0,0,0,8,8,100,0,2,0,0,3,1,0,90,Leicester City vs Chelsea (2021-01-19)
3139,Tammy Abraham,18,16924777,6.24,https://cdn.sportmonks.com/images/soccer/players/3/3139.png,1,1,0,0,0,7,4,57,0,2,0,1,1,0,0,30,Fulham vs Chelsea (2021-01-16)
3139,Tammy Abraham,18,16924790,6.40,https://cdn.sportmonks.com/images/soccer/players/3/3139.png,0,0,0,0,0,1,1,100,0,0,0,0,0,0,0,16,Chelsea vs Wolverhampton Wanderers (2021-01-27)
3139,Tammy Abraham,18,16924797,6.61,https://cdn.sportmonks.com/images/soccer/players/3/3139.png,0,0,0,0,0,5,5,100,0,0,0,0,0,0,0,46,Chelsea vs Burnley (2021-01-31)
3139,Tammy Abraham,18,16924813,,https://cdn.sportmonks.com/images/soccer/players/3/3139.png,,,0,,,,,,,,,,,,,,Tottenham Hotspur vs Chelsea (2021-02-04)
3139,Tammy Abraham,18,16924822,,https://cdn.sportmonks.com/images/soccer/players/3/3139.png,,,0,,,,,,,,,,,,,,Sheffield United vs Chelsea (2021-02-07)
95334,Alexandre Lacazette,19,16924598,7.42,https://cdn.sportmonks.com/images/soccer/players/6/95334.png,2,1,1,0,0,17,14,82,1,1,1,2,0,1,0,87,Fulham vs Arsenal (2020-09-12)
95334,Alexandre Lacazette,19,16924605,7.14,https://cdn.sportmonks.com/images/soccer/players/6/95334.png,1,1,1,0,0,30,22,73,0,0,0,1,0,1,0,77,Arsenal vs West Ham United (2020-09-19)
95334,Alexandre Lacazette,19,16924619,6.63,https://cdn.sportmonks.com/images/soccer/players/6/95334.png,3,3,1,0,0,13,11,84,1,0,0,2,3,1,0,73,Liverpool vs Arsenal (2020-09-28)
95334,Alexandre Lacazette,19,16924625,,https://cdn.sportmonks.com/images/soccer/players/6/95334.png,,,0,,,,,,,,,,,,,,Arsenal vs Sheffield United (2020-10-04)
95334,Alexandre Lacazette,19,16924640,6.60,https://cdn.sportmonks.com/images/soccer/players/6/95334.png,0,0,0,0,0,5,2,40,0,0,0,0,0,0,0,25,Manchester City vs Arsenal (2020-10-17)
95334,Alexandre Lacazette,19,16924645,7.00,https://cdn.sportmonks.com/images/soccer/players/6/95334.png,2,1,0,0,0,14,12,85,2,1,0,1,2,0,0,90,Arsenal vs Leicester City (2020-10-25)
95334,Alexandre Lacazette,19,16924660,7.00,https://cdn.sportmonks.com/images/soccer/players/6/95334.png,0,0,0,0,0,22,19,86,2,1,1,2,2,0,0,76,Manchester United vs Arsenal (2020-11-01)
95334,Alexandre Lacazette,19,16924665,6.14,https://cdn.sportmonks.com/images/soccer/players/6/95334.png,1,0,0,0,0,9,6,66,0,1,0,0,0,0,0,65,Arsenal vs Aston Villa (2020-11-08)
95334,Alexandre Lacazette,19,16924678,,https://cdn.sportmonks.com/images/soccer/players/6/95334.png,,,0,,,,,,,,,,,,,,Leeds United vs Arsenal (2020-11-22)
95334,Alexandre Lacazette,19,16924685,6.85,https://cdn.sportmonks.com/images/soccer/players/6/95334.png,0,0,0,0,0,2,1,50,0,0,0,0,0,0,0,13,Arsenal vs Wolverhampton Wanderers (2020-11-29)
95334,Alexandre Lacazette,19,16924702,7.60,https://cdn.sportmonks.com/images/soccer/players/6/95334.png,3,2,0,0,0,30,23,76,1,2,2,0,2,0,0,90,Tottenham Hotspur vs Arsenal (2020-12-06)
95334,Alexandre Lacazette,19,16924705,6.41,https://cdn.sportmonks.com/images/soccer/players/6/95334.png,1,1,0,1,0,21,14,66,2,1,1,0,1,0,0,60,Arsenal vs Burnley (2020-12-13)
95334,Alexandre Lacazette,19,16924715,,https://cdn.sportmonks.com/images/soccer/players/6/95334.png,,,0,,,,,,,,,,,,,,Arsenal vs Southampton (2020-12-16)
95334,Alexandre Lacazette,19,16924729,6.80,https://cdn.sportmonks.com/images/soccer/players/6/95334.png,1,0,0,0,0,4,2,50,1,1,1,1,2,0,0,20,Everton vs Arsenal (2020-12-19)
95334,Alexandre Lacazette,19,16924735,6.93,https://cdn.sportmonks.com/images/soccer/players/6/95334.png,2,2,1,1,0,25,19,76,0,0,0,0,3,0,0,90,Arsenal vs Chelsea (2020-12-26)
95334,Alexandre Lacazette,19,16924745,7.23,https://cdn.sportmonks.com/images/soccer/players/6/95334.png,1,1,1,0,0,6,5,83,0,0,0,0,0,0,0,29,Brighton & Hove Albion vs Arsenal (2020-12-29)
95334,Alexandre Lacazette,19,16924764,8.94,https://cdn.sportmonks.com/images/soccer/players/6/95334.png,5,4,2,0,0,24,17,70,4,5,3,1,0,1,0,90,West Bromwich Albion vs Arsenal (2021-01-02)
95334,Alexandre Lacazette,19,16924765,6.85,https://cdn.sportmonks.com/images/soccer/players/6/95334.png,0,0,0,0,0,17,11,64,0,1,1,1,1,0,0,81,Arsenal vs Crystal Palace (2021-01-14)
95334,Alexandre Lacazette,19,16924775,6.80,https://cdn.sportmonks.com/images/soccer/players/6/95334.png,2,2,0,0,0,22,20,90,2,1,1,0,1,1,0,90,Arsenal vs Newcastle United (2021-01-18)
95334,Alexandre Lacazette,19,16924792,7.74,https://cdn.sportmonks.com/images/soccer/players/6/95334.png,2,2,1,0,0,21,16,76,1,0,0,3,1,0,0,90,Southampton vs Arsenal (2021-01-26)
95334,Alexandre Lacazette,19,16924795,6.85,https://cdn.sportmonks.com/images/soccer/players/6/95334.png,2,1,0,0,0,15,11,73,0,1,1,3,0,0,1,90,Arsenal vs Manchester United (2021-01-30)
95334,Alexandre Lacazette,19,16924810,6.50,https://cdn.sportmonks.com/images/soccer/players/6/95334.png,0,0,0,0,0,9,9,100,1,0,0,0,0,1,0,46,Wolverhampton Wanderers vs Arsenal (2021-02-02)
95334,Alexandre Lacazette,19,16924815,6.81,https://cdn.sportmonks.com/images/soccer/players/6/95334.png,0,0,0,0,0,25,21,84,1,0,0,0,1,0,0,59,Aston Villa vs Arsenal (2021-02-06)
95334,Alexandre Lacazette,19,16943037,,https://cdn.sportmonks.com/images/soccer/players/6/95334.png,,,0,,,,,,,,,,,,,,Arsenal vs Leeds United (2021-02-14)
1182,Jamie Vardy,42,16924601,8.11,https://cdn.sportmonks.com/images/soccer/players/30/1182.png,2,2,2,0,0,8,4,50,1,0,0,0,0,3,0,90,West Bromwich Albion vs Leicester City (2020-09-13)
1182,Jamie Vardy,42,16924610,6.23,https://cdn.sportmonks.com/images/soccer/players/30/1182.png,0,0,0,0,0,13,9,69,1,1,0,0,0,0,0,90,Leicester City vs Burnley (2020-09-20)
1182,Jamie Vardy,42,16924620,9.80,https://cdn.sportmonks.com/images/soccer/players/30/1182.png,3,3,3,0,0,9,5,55,0,0,0,0,4,1,0,85,Manchester City vs Leicester City (2020-09-27)
1182,Jamie Vardy,42,16924630,6.45,https://cdn.sportmonks.com/images/soccer/players/30/1182.png,1,0,0,1,0,17,11,64,0,1,1,0,3,3,0,90,Leicester City vs West Ham United (2020-10-04)
1182,Jamie Vardy,42,16924645,6.93,https://cdn.sportmonks.com/images/soccer/players/30/1182.png,2,2,1,1,0,5,5,100,0,0,0,0,0,0,0,35,Arsenal vs Leicester City (2020-10-25)
1182,Jamie Vardy,42,16924658,8.32,https://cdn.sportmonks.com/images/soccer/players/30/1182.png,3,2,1,0,0,16,8,50,2,3,3,0,1,0,0,85,Leeds United vs Leicester City (2020-11-02)
1182,Jamie Vardy,42,16924670,6.61,https://cdn.sportmonks.com/images/soccer/players/30/1182.png,3,3,1,1,0,11,8,72,0,0,0,1,0,0,0,90,Leicester City vs Wolverhampton Wanderers (2020-11-08)
1182,Jamie Vardy,42,16924679,6.91,https://cdn.sportmonks.com/images/soccer/players/30/1182.png,2,1,0,1,0,11,8,72,2,2,2,0,1,1,0,90,Liverpool vs Leicester City (2020-11-22)
1182,Jamie Vardy,42,16924690,7.12,https://cdn.sportmonks.com/images/soccer/players/30/1182.png,3,2,0,0,0,9,7,77,1,0,0,0,1,0,0,90,Leicester City vs Fulham (2020-11-30)
1182,Jamie Vardy,42,16924701,7.15,https://cdn.sportmonks.com/images/soccer/players/30/1182.png,2,1,1,1,0,15,12,80,0,2,1,1,1,2,1,90,Sheffield United vs Leicester City (2020-12-06)
1182,Jamie Vardy,42,16924710,7.72,https://cdn.sportmonks.com/images/soccer/players/30/1182.png,2,1,1,0,0,10,6,60,2,2,0,1,2,2,1,90,Leicester City vs Brighton & Hove Albion (2020-12-13)
1182,Jamie Vardy,42,16924719,6.63,https://cdn.sportmonks.com/images/soccer/players/30/1182.png,2,1,0,1,0,11,5,45,2,0,0,0,0,1,0,90,Leicester City vs Everton (2020-12-16)
1182,Jamie Vardy,42,16924733,7.82,https://cdn.sportmonks.com/images/soccer/players/30/1182.png,3,2,1,2,0,19,9,47,2,4,1,0,5,0,0,88,Tottenham Hotspur vs Leicester City (2020-12-20)
1182,Jamie Vardy,42,16924739,7.13,https://cdn.sportmonks.com/images/soccer/players/30/1182.png,3,1,0,0,0,19,14,73,0,1,0,1,2,1,0,90,Leicester City vs Manchester United (2020-12-26)
1182,Jamie Vardy,42,16924748,6.21,https://cdn.sportmonks.com/images/soccer/players/30/1182.png,0,0,0,0,0,2,2,100,0,0,0,0,0,0,0,28,Crystal Palace vs Leicester City (2020-12-28)
1182,Jamie Vardy,42,16924761,7.24,https://cdn.sportmonks.com/images/soccer/players/30/1182.png,0,0,0,2,0,14,12,85,2,2,2,1,0,3,0,90,Newcastle United vs Leicester City (2021-01-03)
1182,Jamie Vardy,42,16924769,6.25,https://cdn.sportmonks.com/images/soccer/players/30/1182.png,1,1,0,0,0,8,1,12,1,0,0,0,1,0,0,88,Leicester City vs Chelsea (2021-01-19)
1182,Jamie Vardy,42,16924779,6.84,https://cdn.sportmonks.com/images/soccer/players/30/1182.png,5,1,0,0,0,11,4,36,0,1,1,1,4,2,0,90,Leicester City vs Southampton (2021-01-16)
1182,Jamie Vardy,42,16924824,6.31,https://cdn.sportmonks.com/images/soccer/players/30/1182.png,1,0,0,0,0,6,3,50,0,0,0,0,2,0,0,32,Wolverhampton Wanderers vs Leicester City (2021-02-07)
1182,Jamie Vardy,42,16943042,7.04,https://cdn.sportmonks.com/images/soccer/players/30/1182.png,5,3,1,0,0,10,6,60,0,3,0,0,1,2,2,90,Leicester City vs Liverpool (2021-02-13)
6838,James Maddison,42,16924601,6.85,https://cdn.sportmonks.com/images/soccer/players/22/6838.png,0,0,0,1,0,18,18,100,1,0,0,1,0,0,0,18,West Bromwich Albion vs Leicester City (2020-09-13)
6838,James Maddison,42,16924610,6.22,https://cdn.sportmonks.com/images/soccer/players/22/6838.png,0,0,0,2,2,18,18,100,0,0,0,1,0,0,0,30,Leicester City vs Burnley (2020-09-20)
6838,James Maddison,42,16924620,7.34,https://cdn.sportmonks.com/images/soccer/players/22/6838.png,1,1,1,0,0,2,2,100,0,0,0,0,0,0,0,25,Manchester City vs Leicester City (2020-09-27)
6838,James Maddison,42,16924639,6.60,https://cdn.sportmonks.com/images/soccer/players/22/6838.png,0,0,0,2,1,11,9,81,1,0,0,0,0,0,0,26,Leicester City vs Aston Villa (2020-10-18)
6838,James Maddison,42,16924645,7.04,https://cdn.sportmonks.com/images/soccer/players/22/6838.png,3,0,0,1,0,34,28,82,0,3,2,0,0,0,0,85,Arsenal vs Leicester City (2020-10-25)
6838,James Maddison,42,16924658,7.23,https://cdn.sportmonks.com/images/soccer/players/22/6838.png,0,0,0,1,1,13,12,92,2,1,1,0,0,0,0,31,Leeds United vs Leicester City (2020-11-02)
6838,James Maddison,42,16924670,7.14,https://cdn.sportmonks.com/images/soccer/players/22/6838.png,0,0,0,6,1,42,37,88,2,3,2,2,0,0,0,72,Leicester City vs Wolverhampton Wanderers (2020-11-08)
6838,James Maddison,42,16924679,7.12,https://cdn.sportmonks.com/images/soccer/players/22/6838.png,0,0,0,3,1,33,25,75,4,3,1,1,0,0,0,90,Liverpool vs Leicester City (2020-11-22)
6838,James Maddison,42,16924690,7.42,https://cdn.sportmonks.com/images/soccer/players/22/6838.png,2,0,0,10,1,49,39,79,1,2,0,0,0,0,0,90,Leicester City vs Fulham (2020-11-30)
6838,James Maddison,42,16924701,8.00,https://cdn.sportmonks.com/images/soccer/players/22/6838.png,2,0,0,11,1,59,49,83,3,4,2,0,1,0,1,90,Sheffield United vs Leicester City (2020-12-06)
6838,James Maddison,42,16924710,9.10,https://cdn.sportmonks.com/images/soccer/players/22/6838.png,5,3,2,2,0,50,43,86,1,1,1,0,0,0,0,75,Leicester City vs Brighton & Hove Albion (2020-12-13)
6838,James Maddison,42,16924719,7.24,https://cdn.sportmonks.com/images/soccer/players/22/6838.png,1,0,0,5,3,53,48,90,4,1,0,3,0,0,0,90,Leicester City vs Everton (2020-12-16)
6838,James Maddison,42,16924733,7.92,https://cdn.sportmonks.com/images/soccer/players/22/6838.png,4,2,0,7,2,29,28,96,5,3,2,0,0,3,0,90,Tottenham Hotspur vs Leicester City (2020-12-20)
6838,James Maddison,42,16924739,6.20,https://cdn.sportmonks.com/images/soccer/players/22/6838.png,0,0,0,6,1,35,25,71,3,1,0,3,0,0,0,90,Leicester City vs Manchester United (2020-12-26)
6838,James Maddison,42,16924761,7.41,https://cdn.sportmonks.com/images/soccer/players/22/6838.png,3,1,1,5,3,31,22,70,2,2,1,2,0,0,0,79,Newcastle United vs Leicester City (2021-01-03)
6838,James Maddison,42,16924769,7.22,https://cdn.sportmonks.com/images/soccer/players/22/6838.png,2,1,1,5,1,26,24,92,1,4,1,3,0,0,1,76,Leicester City vs Chelsea (2021-01-19)
6838,James Maddison,42,16924779,7.82,https://cdn.sportmonks.com/images/soccer/players/22/6838.png,2,1,1,3,1,21,17,80,3,1,1,0,0,0,0,77,Leicester City vs Southampton (2021-01-16)
6838,James Maddison,42,16924787,7.34,https://cdn.sportmonks.com/images/soccer/players/22/6838.png,2,1,0,8,0,52,43,82,1,1,1,1,0,0,0,90,Everton vs Leicester City (2021-01-27)
6838,James Maddison,42,16924800,6.52,https://cdn.sportmonks.com/images/soccer/players/22/6838.png,1,0,0,8,2,31,20,64,2,2,0,0,0,0,0,90,Leicester City vs Leeds United (2021-01-31)
6838,James Maddison,42,16924807,8.31,https://cdn.sportmonks.com/images/soccer/players/22/6838.png,1,1,0,1,1,34,25,73,4,1,1,2,0,0,0,90,Fulham vs Leicester City (2021-02-03)
6838,James Maddison,42,16924824,7.34,https://cdn.sportmonks.com/images/soccer/players/22/6838.png,3,3,0,5,1,39,31,79,1,2,1,1,0,0,0,90,Wolverhampton Wanderers vs Leicester City (2021-02-07)
6838,James Maddison,42,16943042,7.40,https://cdn.sportmonks.com/images/soccer/players/22/6838.png,2,1,1,5,1,30,22,73,2,0,0,4,0,0,0,90,Leicester City vs Liverpool (2021-02-13)
10601,Harvey Barnes,42,16924601,7.65,https://cdn.sportmonks.com/images/soccer/players/9/10601.png,4,2,0,1,0,28,21,75,1,4,3,0,1,0,0,90,West Bromwich Albion vs Leicester City (2020-09-13)
10601,Harvey Barnes,42,16924610,8.35,https://cdn.sportmonks.com/images/soccer/players/9/10601.png,4,3,1,1,0,39,32,82,2,3,2,0,0,0,0,90,Leicester City vs Burnley (2020-09-20)
10601,Harvey Barnes,42,16924620,6.41,https://cdn.sportmonks.com/images/soccer/players/9/10601.png,2,2,0,0,0,20,16,80,0,2,1,1,1,1,0,90,Manchester City vs Leicester City (2020-09-27)
10601,Harvey Barnes,42,16924630,7.05,https://cdn.sportmonks.com/images/soccer/players/9/10601.png,1,0,0,2,0,28,24,85,0,4,3,0,1,0,0,90,Leicester City vs West Ham United (2020-10-04)
10601,Harvey Barnes,42,16924639,6.84,https://cdn.sportmonks.com/images/soccer/players/9/10601.png,1,0,0,0,0,21,13,61,0,6,3,1,0,0,0,90,Leicester City vs Aston Villa (2020-10-18)
10601,Harvey Barnes,42,16924645,6.21,https://cdn.sportmonks.com/images/soccer/players/9/10601.png,0,0,0,0,0,19,12,63,0,4,2,0,3,0,0,75,Arsenal vs Leicester City (2020-10-25)
10601,Harvey Barnes,42,16924658,7.44,https://cdn.sportmonks.com/images/soccer/players/9/10601.png,3,3,1,0,0,19,14,73,0,2,0,1,1,0,0,71,Leeds United vs Leicester City (2020-11-02)
10601,Harvey Barnes,42,16924670,6.44,https://cdn.sportmonks.com/images/soccer/players/9/10601.png,0,0,0,0,0,10,7,70,0,0,0,0,0,0,0,23,Leicester City vs Wolverhampton Wanderers (2020-11-08)
10601,Harvey Barnes,42,16924679,6.15,https://cdn.sportmonks.com/images/soccer/players/9/10601.png,3,2,0,1,0,17,11,64,1,1,1,2,3,0,0,62,Liverpool vs Leicester City (2020-11-22)
10601,Harvey Barnes,42,16924690,6.80,https://cdn.sportmonks.com/images/soccer/players/9/10601.png,1,1,1,2,0,17,13,76,1,2,0,0,0,0,0,49,Leicester City vs Fulham (2020-11-30)
10601,Harvey Barnes,42,16924701,,https://cdn.sportmonks.com/images/soccer/players/9/10601.png,,,0,,,,,,,,,,,,,,Sheffield United vs Leicester City (2020-12-06)
10601,Harvey Barnes,42,16924710,6.45,https://cdn.sportmonks.com/images/soccer/players/9/10601.png,0,0,0,1,0,7,7,100,1,1,0,0,0,0,0,30,Leicester City vs Brighton & Hove Albion (2020-12-13)
10601,Harvey Barnes,42,16924719,6.25,https://cdn.sportmonks.com/images/soccer/players/9/10601.png,0,0,0,0,0,27,21,77,0,5,4,0,1,0,0,90,Leicester City vs Everton (2020-12-16)
10601,Harvey Barnes,42,16924733,6.85,https://cdn.sportmonks.com/images/soccer/players/9/10601.png,0,0,0,0,0,27,23,85,2,3,2,1,4,0,0,84,Tottenham Hotspur vs Leicester City (2020-12-20)
10601,Harvey Barnes,42,16924739,6.81,https://cdn.sportmonks.com/images/soccer/players/9/10601.png,1,1,1,3,1,38,25,65,0,4,1,0,0,0,0,90,Leicester City vs Manchester United (2020-12-26)
10601,Harvey Barnes,42,16924748,7.21,https://cdn.sportmonks.com/images/soccer/players/9/10601.png,5,1,1,4,0,37,27,72,0,7,3,1,1,0,0,90,Crystal Palace vs Leicester City (2020-12-28)
10601,Harvey Barnes,42,16924761,6.30,https://cdn.sportmonks.com/images/soccer/players/9/10601.png,2,1,0,1,0,35,24,68,0,3,1,0,2,0,0,90,Newcastle United vs Leicester City (2021-01-03)
10601,Harvey Barnes,42,16924769,7.01,https://cdn.sportmonks.com/images/soccer/players/9/10601.png,0,0,0,3,0,22,17,77,2,3,1,1,2,0,0,90,Leicester City vs Chelsea (2021-01-19)
10601,Harvey Barnes,42,16924779,7.34,https://cdn.sportmonks.com/images/soccer/players/9/10601.png,4,3,1,1,1,33,22,66,2,5,2,3,2,0,0,90,Leicester City vs Southampton (2021-01-16)
10601,Harvey Barnes,42,16924787,7.42,https://cdn.sportmonks.com/images/soccer/players/9/10601.png,1,1,0,1,0,25,18,72,5,8,4,1,1,0,0,90,Everton vs Leicester City (2021-01-27)
10601,Harvey Barnes,42,16924800,7.14,https://cdn.sportmonks.com/images/soccer/players/9/10601.png,1,1,1,1,0,24,19,79,2,3,0,0,0,0,0,90,Leicester City vs Leeds United (2021-01-31)
10601,Harvey Barnes,42,16924807,6.45,https://cdn.sportmonks.com/images/soccer/players/9/10601.png,2,1,0,1,0,14,10,71,1,2,0,1,0,0,0,77,Fulham vs Leicester City (2021-02-03)
10601,Harvey Barnes,42,16924824,6.13,https://cdn.sportmonks.com/images/soccer/players/9/10601.png,0,0,0,1,0,35,30,85,0,2,2,2,0,0,0,90,Wolverhampton Wanderers vs Leicester City (2021-02-07)
10601,Harvey Barnes,42,16943042,7.43,https://cdn.sportmonks.com/images/soccer/players/9/10601.png,2,2,1,1,1,21,15,71,2,10,4,1,0,0,0,90,Leicester City vs Liverpool (2021-02-13)
1108,Wilfried Zaha,51,16924597,6.71,https://cdn.sportmonks.com/images/soccer/players/20/1108.png,2,1,1,0,0,10,8,80,0,1,1,0,0,1,0,90,Crystal Palace vs Southampton (2020-09-12)
1108,Wilfried Zaha,51,16924611,8.43,https://cdn.sportmonks.com/images/soccer/players/20/1108.png,3,2,2,0,0,21,15,71,4,2,0,1,2,2,0,90,Manchester United vs Crystal Palace (2020-09-19)
1108,Wilfried Zaha,51,16924617,6.81,https://cdn.sportmonks.com/images/soccer/players/20/1108.png,0,0,0,2,0,21,16,76,0,2,0,0,0,1,0,90,Crystal Palace vs Everton (2020-09-26)
1108,Wilfried Zaha,51,16924627,6.40,https://cdn.sportmonks.com/images/soccer/players/20/1108.png,0,0,0,1,0,13,12,92,1,3,2,0,0,0,0,90,Chelsea vs Crystal Palace (2020-10-03)
1108,Wilfried Zaha,51,16924636,6.72,https://cdn.sportmonks.com/images/soccer/players/20/1108.png,1,1,1,2,0,19,14,73,0,3,1,1,1,0,0,90,Crystal Palace vs Brighton & Hove Albion (2020-10-18)
1108,Wilfried Zaha,51,16924649,8.82,https://cdn.sportmonks.com/images/soccer/players/20/1108.png,4,3,1,1,0,22,18,81,4,8,7,0,0,0,0,90,Fulham vs Crystal Palace (2020-10-24)
1108,Wilfried Zaha,51,16924664,6.24,https://cdn.sportmonks.com/images/soccer/players/20/1108.png,1,0,0,2,1,33,27,81,1,4,0,2,0,0,0,90,Wolverhampton Wanderers vs Crystal Palace (2020-10-30)
1108,Wilfried Zaha,51,16924668,6.75,https://cdn.sportmonks.com/images/soccer/players/20/1108.png,0,0,0,0,0,31,25,80,3,7,1,1,0,0,0,90,Crystal Palace vs Leeds United (2020-11-07)
1108,Wilfried Zaha,51,16924703,9.15,https://cdn.sportmonks.com/images/soccer/players/20/1108.png,4,2,2,2,0,28,23,82,0,5,4,1,0,0,0,81,West Bromwich Albion vs Crystal Palace (2020-12-06)
1108,Wilfried Zaha,51,16924706,6.71,https://cdn.sportmonks.com/images/soccer/players/20/1108.png,3,1,0,1,0,20,14,70,0,5,2,1,0,1,0,90,Crystal Palace vs Tottenham Hotspur (2020-12-13)
1108,Wilfried Zaha,51,16924721,6.42,https://cdn.sportmonks.com/images/soccer/players/20/1108.png,0,0,0,0,0,30,23,76,0,4,2,0,0,0,0,90,West Ham United vs Crystal Palace (2020-12-16)
1108,Wilfried Zaha,51,16924728,6.40,https://cdn.sportmonks.com/images/soccer/players/20/1108.png,1,0,0,0,0,20,13,65,1,0,0,0,1,1,0,90,Crystal Palace vs Liverpool (2020-12-19)
1108,Wilfried Zaha,51,16924736,6.80,https://cdn.sportmonks.com/images/soccer/players/20/1108.png,2,1,0,5,2,21,18,85,0,1,1,2,0,0,0,90,Aston Villa vs Crystal Palace (2020-12-26)
1108,Wilfried Zaha,51,16924748,6.80,https://cdn.sportmonks.com/images/soccer/players/20/1108.png,2,1,1,1,0,24,13,54,0,5,1,2,1,3,0,90,Crystal Palace vs Leicester City (2020-12-28)
1108,Wilfried Zaha,51,16924758,7.25,https://cdn.sportmonks.com/images/soccer/players/20/1108.png,1,1,0,0,0,35,30,85,2,8,5,0,1,0,0,90,Crystal Palace vs Sheffield United (2021-01-02)
1108,Wilfried Zaha,51,16924765,6.62,https://cdn.sportmonks.com/images/soccer/players/20/1108.png,0,0,0,2,0,31,20,64,0,8,4,2,1,0,0,90,Arsenal vs Crystal Palace (2021-01-14)
1108,Wilfried Zaha,51,16924794,7.15,https://cdn.sportmonks.com/images/soccer/players/20/1108.png,4,2,1,2,1,40,30,75,0,5,3,0,0,0,0,90,Crystal Palace vs West Ham United (2021-01-26)
1108,Wilfried Zaha,51,16924798,6.21,https://cdn.sportmonks.com/images/soccer/players/20/1108.png,2,0,0,1,0,44,39,88,1,3,1,0,0,0,1,90,Crystal Palace vs Wolverhampton Wanderers (2021-01-30)
1108,Wilfried Zaha,51,16924812,6.65,https://cdn.sportmonks.com/images/soccer/players/20/1108.png,0,0,0,0,0,13,11,84,0,0,0,0,0,0,0,58,Newcastle United vs Crystal Palace (2021-02-02)
1065,Callum Wilson,20,16924602,7.80,https://cdn.sportmonks.com/images/soccer/players/9/1065.png,4,1,1,1,0,21,16,76,2,0,0,0,0,1,0,85,West Ham United vs Newcastle United (2020-09-12)
1065,Callum Wilson,20,16924612,6.10,https://cdn.sportmonks.com/images/soccer/players/9/1065.png,1,0,0,1,0,8,5,62,0,0,0,0,1,0,0,90,Newcastle United vs Brighton & Hove Albion (2020-09-20)
1065,Callum Wilson,20,16924622,7.33,https://cdn.sportmonks.com/images/soccer/players/9/1065.png,1,1,1,0,0,7,4,57,0,0,0,0,2,1,0,90,Tottenham Hotspur vs Newcastle United (2020-09-27)
1065,Callum Wilson,20,16924632,8.40,https://cdn.sportmonks.com/images/soccer/players/9/1065.png,3,2,2,0,0,12,9,75,2,2,2,0,0,3,0,90,Newcastle United vs Burnley (2020-10-03)
1065,Callum Wilson,20,16924641,6.75,https://cdn.sportmonks.com/images/soccer/players/9/1065.png,1,1,0,0,0,24,12,50,1,3,3,0,4,0,0,90,Newcastle United vs Manchester United (2020-10-17)
1065,Callum Wilson,20,16924654,6.43,https://cdn.sportmonks.com/images/soccer/players/9/1065.png,0,0,0,0,0,14,10,71,1,0,0,0,5,0,0,90,Wolverhampton Wanderers vs Newcastle United (2020-10-25)
1065,Callum Wilson,20,16924661,8.75,https://cdn.sportmonks.com/images/soccer/players/9/1065.png,3,2,2,0,0,14,9,64,1,1,0,0,2,0,0,87,Newcastle United vs Everton (2020-11-01)
1065,Callum Wilson,20,16924672,6.41,https://cdn.sportmonks.com/images/soccer/players/9/1065.png,0,0,0,0,0,8,4,50,0,1,0,0,0,0,0,78,Southampton vs Newcastle United (2020-11-06)
1065,Callum Wilson,20,16924688,7.75,https://cdn.sportmonks.com/images/soccer/players/9/1065.png,2,1,1,1,0,21,15,71,1,1,1,1,3,0,0,90,Crystal Palace vs Newcastle United (2020-11-27)
1065,Callum Wilson,20,16924695,6.23,https://cdn.sportmonks.com/images/soccer/players/9/1065.png,0,0,0,1,0,13,11,84,0,2,2,1,0,1,0,90,Aston Villa vs Newcastle United (2021-01-23)
1065,Callum Wilson,20,16924712,6.80,https://cdn.sportmonks.com/images/soccer/players/9/1065.png,0,0,0,1,0,22,15,68,1,2,2,0,3,1,0,90,Newcastle United vs West Bromwich Albion (2020-12-12)
1065,Callum Wilson,20,16924718,6.83,https://cdn.sportmonks.com/images/soccer/players/9/1065.png,3,1,0,2,0,16,10,62,3,3,1,1,4,1,0,90,Leeds United vs Newcastle United (2020-12-16)
1065,Callum Wilson,20,16924731,7.83,https://cdn.sportmonks.com/images/soccer/players/9/1065.png,3,2,1,0,0,5,3,60,0,3,2,1,2,1,0,90,Newcastle United vs Fulham (2020-12-19)
1065,Callum Wilson,20,16924741,,https://cdn.sportmonks.com/images/soccer/players/9/1065.png,,,0,,,,,,,,,,,,,,Manchester City vs Newcastle United (2020-12-26)
1065,Callum Wilson,20,16924751,6.85,https://cdn.sportmonks.com/images/soccer/players/9/1065.png,1,0,0,1,0,16,12,75,1,2,1,1,1,0,0,90,Newcastle United vs Liverpool (2020-12-30)
1065,Callum Wilson,20,16924761,6.64,https://cdn.sportmonks.com/images/soccer/players/9/1065.png,0,0,0,0,0,13,9,69,0,2,1,0,1,3,0,90,Newcastle United vs Leicester City (2021-01-03)
1065,Callum Wilson,20,16924770,6.32,https://cdn.sportmonks.com/images/soccer/players/9/1065.png,2,1,0,1,0,12,8,66,0,3,0,0,3,0,0,90,Sheffield United vs Newcastle United (2021-01-12)
1065,Callum Wilson,20,16924775,6.50,https://cdn.sportmonks.com/images/soccer/players/9/1065.png,0,0,0,0,0,13,12,92,1,3,2,2,0,1,0,90,Arsenal vs Newcastle United (2021-01-18)
1065,Callum Wilson,20,16924791,6.91,https://cdn.sportmonks.com/images/soccer/players/9/1065.png,0,0,0,0,0,14,10,71,1,2,2,0,1,0,0,90,Newcastle United vs Leeds United (2021-01-26)
1065,Callum Wilson,20,16924799,7.41,https://cdn.sportmonks.com/images/soccer/players/9/1065.png,5,3,2,1,0,23,16,69,0,6,3,2,3,0,2,90,Everton vs Newcastle United (2021-01-30)
1065,Callum Wilson,20,16924812,7.43,https://cdn.sportmonks.com/images/soccer/players/9/1065.png,4,0,0,0,0,22,18,81,1,1,1,0,3,1,0,90,Newcastle United vs Crystal Palace (2021-02-02)
1065,Callum Wilson,20,16924821,6.83,https://cdn.sportmonks.com/images/soccer/players/9/1065.png,1,1,0,2,0,7,4,57,0,1,0,0,1,2,0,36,Newcastle United vs Southampton (2021-02-06)
1450,Danny Ings,65,16924597,6.21,https://cdn.sportmonks.com/images/soccer/players/10/1450.png,2,2,0,0,0,13,8,61,1,1,0,0,1,0,0,90,Crystal Palace vs Southampton (2020-09-12)
1450,Danny Ings,65,16924613,7.83,https://cdn.sportmonks.com/images/soccer/players/10/1450.png,2,2,2,1,0,19,11,57,0,1,0,0,0,1,0,90,Southampton vs Tottenham Hotspur (2020-09-20)
1450,Danny Ings,65,16924616,7.45,https://cdn.sportmonks.com/images/soccer/players/10/1450.png,1,1,1,0,0,33,16,48,0,2,2,0,1,1,0,90,Burnley vs Southampton (2020-09-26)
1450,Danny Ings,65,16924633,7.34,https://cdn.sportmonks.com/images/soccer/players/10/1450.png,2,1,0,1,0,29,17,58,2,0,0,2,2,0,0,90,Southampton vs West Bromwich Albion (2020-10-04)
1450,Danny Ings,65,16924635,7.32,https://cdn.sportmonks.com/images/soccer/players/10/1450.png,3,2,1,1,0,12,7,58,0,5,2,0,0,1,0,90,Chelsea vs Southampton (2020-10-17)
1450,Danny Ings,65,16924652,7.81,https://cdn.sportmonks.com/images/soccer/players/10/1450.png,1,0,0,1,1,39,29,74,2,6,4,0,0,0,0,90,Southampton vs Everton (2020-10-25)
1450,Danny Ings,65,16924655,7.80,https://cdn.sportmonks.com/images/soccer/players/10/1450.png,2,1,1,0,0,10,7,70,1,2,2,1,1,1,0,85,Aston Villa vs Southampton (2020-11-01)
1450,Danny Ings,65,16924696,7.14,https://cdn.sportmonks.com/images/soccer/players/10/1450.png,2,2,1,0,0,8,5,62,1,4,1,0,0,0,0,48,Brighton & Hove Albion vs Southampton (2020-12-07)
1450,Danny Ings,65,16924713,6.62,https://cdn.sportmonks.com/images/soccer/players/10/1450.png,3,2,0,1,0,23,15,65,2,3,1,0,2,0,0,90,Southampton vs Sheffield United (2020-12-13)
1450,Danny Ings,65,16924715,6.51,https://cdn.sportmonks.com/images/soccer/players/10/1450.png,1,0,0,2,0,17,15,88,0,2,1,1,1,0,0,90,Arsenal vs Southampton (2020-12-16)
1450,Danny Ings,65,16924732,6.95,https://cdn.sportmonks.com/images/soccer/players/10/1450.png,1,0,0,0,0,8,6,75,0,1,1,0,0,0,0,41,Southampton vs Manchester City (2020-12-19)
1450,Danny Ings,65,16924752,6.12,https://cdn.sportmonks.com/images/soccer/players/10/1450.png,0,0,0,1,0,17,9,52,0,2,0,1,0,0,0,90,Southampton vs West Ham United (2020-12-29)
1450,Danny Ings,65,16924762,7.53,https://cdn.sportmonks.com/images/soccer/players/10/1450.png,2,2,1,0,0,21,14,66,2,1,1,1,1,1,0,77,Southampton vs Liverpool (2021-01-04)
1450,Danny Ings,65,16924792,7.14,https://cdn.sportmonks.com/images/soccer/players/10/1450.png,1,1,0,2,1,18,13,72,1,4,3,0,0,0,0,74,Southampton vs Arsenal (2021-01-26)
1450,Danny Ings,65,16924802,7.64,https://cdn.sportmonks.com/images/soccer/players/10/1450.png,1,1,0,1,0,19,9,47,2,1,1,1,1,4,0,90,Southampton vs Aston Villa (2021-01-30)
1450,Danny Ings,65,16924811,6.64,https://cdn.sportmonks.com/images/soccer/players/10/1450.png,0,0,0,0,0,14,10,71,0,1,0,1,0,0,0,70,Manchester United vs Southampton (2021-02-02)
1450,Danny Ings,65,16924821,6.23,https://cdn.sportmonks.com/images/soccer/players/10/1450.png,3,2,0,2,0,20,14,70,1,1,0,1,1,3,1,90,Newcastle United vs Southampton (2021-02-06)
1450,Danny Ings,65,16943044,7.63,https://cdn.sportmonks.com/images/soccer/players/10/1450.png,2,1,1,2,0,14,8,57,3,0,0,0,1,2,0,90,Southampton vs Wolverhampton Wanderers (2021-02-14)
95776,Neal Maupay,78,16924603,6.45,https://cdn.sportmonks.com/images/soccer/players/0/95776.png,1,0,0,1,0,13,10,76,0,0,0,0,0,0,0,90,Brighton & Hove Albion vs Chelsea (2020-09-14)
95776,Neal Maupay,78,16924612,8.81,https://cdn.sportmonks.com/images/soccer/players/0/95776.png,4,3,2,0,0,29,24,82,1,0,0,1,0,0,0,90,Newcastle United vs Brighton & Hove Albion (2020-09-20)
95776,Neal Maupay,78,16924615,7.74,https://cdn.sportmonks.com/images/soccer/players/0/95776.png,3,2,1,2,1,33,22,66,3,4,3,0,3,0,0,90,Brighton & Hove Albion vs Manchester United (2020-09-26)
95776,Neal Maupay,78,16924628,7.43,https://cdn.sportmonks.com/images/soccer/players/0/95776.png,1,1,1,0,0,25,21,84,0,1,1,2,0,0,0,90,Everton vs Brighton & Hove Albion (2020-10-03)
95776,Neal Maupay,78,16924636,6.70,https://cdn.sportmonks.com/images/soccer/players/0/95776.png,3,2,0,0,0,14,11,78,1,0,0,0,1,1,0,90,Crystal Palace vs Brighton & Hove Albion (2020-10-18)
95776,Neal Maupay,78,16924647,6.40,https://cdn.sportmonks.com/images/soccer/players/0/95776.png,1,1,0,0,0,25,21,84,0,1,1,0,2,2,0,90,Brighton & Hove Albion vs West Bromwich Albion (2020-10-26)
95776,Neal Maupay,78,16924666,6.81,https://cdn.sportmonks.com/images/soccer/players/0/95776.png,1,1,0,0,0,34,31,91,0,0,0,0,0,1,0,90,Brighton & Hove Albion vs Burnley (2020-11-06)
95776,Neal Maupay,78,16924675,6.10,https://cdn.sportmonks.com/images/soccer/players/0/95776.png,2,1,0,0,0,16,16,100,0,0,0,0,1,0,0,80,Aston Villa vs Brighton & Hove Albion (2020-11-21)
95776,Neal Maupay,78,16924686,6.21,https://cdn.sportmonks.com/images/soccer/players/0/95776.png,1,0,0,0,0,4,4,100,1,1,1,0,0,0,0,26,Brighton & Hove Albion vs Liverpool (2020-11-28)
95776,Neal Maupay,78,16924696,6.83,https://cdn.sportmonks.com/images/soccer/players/0/95776.png,1,0,0,0,0,6,4,66,1,4,2,1,0,0,0,30,Brighton & Hove Albion vs Southampton (2020-12-07)
95776,Neal Maupay,78,16924710,6.62,https://cdn.sportmonks.com/images/soccer/players/0/95776.png,2,2,0,0,0,23,16,69,0,0,0,0,0,1,0,90,Leicester City vs Brighton & Hove Albion (2020-12-13)
95776,Neal Maupay,78,16924717,,https://cdn.sportmonks.com/images/soccer/players/0/95776.png,,,0,,,,,,,,,,,,,,Fulham vs Brighton & Hove Albion (2020-12-16)
95776,Neal Maupay,78,16924725,6.24,https://cdn.sportmonks.com/images/soccer/players/0/95776.png,1,1,0,0,0,11,9,81,1,1,0,0,0,0,0,66,Brighton & Hove Albion vs Sheffield United (2020-12-20)
95776,Neal Maupay,78,16924743,6.82,https://cdn.sportmonks.com/images/soccer/players/0/95776.png,1,1,1,1,1,22,16,72,0,3,0,1,0,0,0,90,West Ham United vs Brighton & Hove Albion (2020-12-27)
95776,Neal Maupay,78,16924745,6.20,https://cdn.sportmonks.com/images/soccer/players/0/95776.png,0,0,0,0,0,6,4,66,0,0,0,0,0,0,0,28,Brighton & Hove Albion vs Arsenal (2020-12-29)
95776,Neal Maupay,78,16924755,7.45,https://cdn.sportmonks.com/images/soccer/players/0/95776.png,1,1,1,0,0,24,20,83,0,1,1,1,0,0,0,90,Brighton & Hove Albion vs Wolverhampton Wanderers (2021-01-02)
95776,Neal Maupay,78,16924774,6.44,https://cdn.sportmonks.com/images/soccer/players/0/95776.png,0,0,0,0,0,1,0,0,0,1,0,1,0,0,0,25,Manchester City vs Brighton & Hove Albion (2021-01-13)
95776,Neal Maupay,78,16924778,7.13,https://cdn.sportmonks.com/images/soccer/players/0/95776.png,2,1,1,0,0,19,17,89,1,1,1,2,0,0,0,81,Leeds United vs Brighton & Hove Albion (2021-01-16)
95776,Neal Maupay,78,16924785,6.75,https://cdn.sportmonks.com/images/soccer/players/0/95776.png,4,2,0,0,0,21,13,61,2,0,0,0,4,1,0,90,Brighton & Hove Albion vs Fulham (2021-01-27)
95776,Neal Maupay,78,16924796,7.02,https://cdn.sportmonks.com/images/soccer/players/0/95776.png,1,0,0,0,0,21,19,90,2,4,3,1,0,0,0,79,Brighton & Hove Albion vs Tottenham Hotspur (2021-01-31)
95776,Neal Maupay,78,16924814,7.02,https://cdn.sportmonks.com/images/soccer/players/0/95776.png,1,0,0,0,0,21,17,80,1,1,0,0,3,0,0,83,Liverpool vs Brighton & Hove Albion (2021-02-03)
95776,Neal Maupay,78,16924816,6.43,https://cdn.sportmonks.com/images/soccer/players/0/95776.png,1,0,0,0,0,16,13,81,1,1,0,1,1,0,0,62,Burnley vs Brighton & Hove Albion (2021-02-06)
95776,Neal Maupay,78,16943038,7.12,https://cdn.sportmonks.com/images/soccer/players/0/95776.png,2,0,0,2,0,17,13,76,2,1,1,1,0,0,0,80,Brighton & Hove Albion vs Aston Villa (2021-02-13)
12145,Ollie Watkins,15,16924596,7.02,https://cdn.sportmonks.com/images/soccer/players/17/12145.png,1,0,0,0,0,18,10,55,1,2,2,1,5,0,0,90,Manchester City vs Aston Villa (2021-01-20)
12145,Ollie Watkins,15,16924606,6.84,https://cdn.sportmonks.com/images/soccer/players/17/12145.png,2,0,0,0,0,19,13,68,2,1,0,1,6,1,0,90,Aston Villa vs Sheffield United (2020-09-21)
12145,Ollie Watkins,15,16924618,6.75,https://cdn.sportmonks.com/images/soccer/players/17/12145.png,2,0,0,0,0,24,12,50,1,3,2,1,7,1,0,90,Fulham vs Aston Villa (2020-09-28)
12145,Ollie Watkins,15,16924626,9.31,https://cdn.sportmonks.com/images/soccer/players/17/12145.png,5,4,3,1,0,24,15,62,2,1,1,0,2,2,1,90,Aston Villa vs Liverpool (2020-10-04)
12145,Ollie Watkins,15,16924639,6.22,https://cdn.sportmonks.com/images/soccer/players/17/12145.png,1,1,0,1,1,18,15,83,0,1,0,1,2,3,0,90,Leicester City vs Aston Villa (2020-10-18)
12145,Ollie Watkins,15,16924646,6.85,https://cdn.sportmonks.com/images/soccer/players/17/12145.png,1,0,0,0,0,38,23,60,2,1,1,0,9,0,0,90,Aston Villa vs Leeds United (2020-10-23)
12145,Ollie Watkins,15,16924655,7.84,https://cdn.sportmonks.com/images/soccer/players/17/12145.png,2,2,1,2,0,22,18,81,2,3,3,0,2,1,0,90,Aston Villa vs Southampton (2020-11-01)
12145,Ollie Watkins,15,16924665,8.74,https://cdn.sportmonks.com/images/soccer/players/17/12145.png,2,2,2,1,0,29,19,65,0,3,3,1,4,0,0,90,Arsenal vs Aston Villa (2020-11-08)
12145,Ollie Watkins,15,16924675,6.85,https://cdn.sportmonks.com/images/soccer/players/17/12145.png,0,0,0,1,0,19,13,68,2,2,2,0,3,0,0,90,Aston Villa vs Brighton & Hove Albion (2020-11-21)
12145,Ollie Watkins,15,16924694,5.91,https://cdn.sportmonks.com/images/soccer/players/17/12145.png,4,0,0,0,0,10,8,80,1,0,0,0,2,2,1,90,West Ham United vs Aston Villa (2020-11-30)
12145,Ollie Watkins,15,16924695,7.60,https://cdn.sportmonks.com/images/soccer/players/17/12145.png,2,2,1,2,1,22,16,72,1,2,0,1,2,1,0,90,Aston Villa vs Newcastle United (2021-01-23)
12145,Ollie Watkins,15,16924714,6.75,https://cdn.sportmonks.com/images/soccer/players/17/12145.png,1,1,0,2,0,10,8,80,0,4,2,3,2,0,0,90,Wolverhampton Wanderers vs Aston Villa (2020-12-12)
12145,Ollie Watkins,15,16924716,6.53,https://cdn.sportmonks.com/images/soccer/players/17/12145.png,3,3,0,0,0,14,9,64,1,1,1,0,1,0,0,90,Aston Villa vs Burnley (2020-12-17)
12145,Ollie Watkins,15,16924734,6.52,https://cdn.sportmonks.com/images/soccer/players/17/12145.png,2,1,0,0,0,23,22,95,0,2,1,1,4,2,0,90,West Bromwich Albion vs Aston Villa (2020-12-20)
12145,Ollie Watkins,15,16924736,7.12,https://cdn.sportmonks.com/images/soccer/players/17/12145.png,6,3,0,1,1,20,16,80,3,0,0,1,7,1,2,90,Aston Villa vs Crystal Palace (2020-12-26)
12145,Ollie Watkins,15,16924747,7.00,https://cdn.sportmonks.com/images/soccer/players/17/12145.png,1,0,0,1,1,21,16,76,2,1,0,0,3,0,0,90,Chelsea vs Aston Villa (2020-12-28)
12145,Ollie Watkins,15,16924760,6.42,https://cdn.sportmonks.com/images/soccer/players/17/12145.png,2,1,0,1,1,19,13,68,2,3,2,2,4,0,0,90,Manchester United vs Aston Villa (2021-01-01)
12145,Ollie Watkins,15,16924786,7.22,https://cdn.sportmonks.com/images/soccer/players/17/12145.png,4,4,1,1,0,20,16,80,2,0,0,0,7,0,0,90,Burnley vs Aston Villa (2021-01-27)
12145,Ollie Watkins,15,16924802,7.05,https://cdn.sportmonks.com/images/soccer/players/17/12145.png,3,2,0,0,0,25,17,68,0,3,1,2,4,2,0,90,Southampton vs Aston Villa (2021-01-30)
12145,Ollie Watkins,15,16924805,7.31,https://cdn.sportmonks.com/images/soccer/players/17/12145.png,3,1,1,0,0,24,21,87,0,4,1,0,3,0,1,90,Aston Villa vs West Ham United (2021-02-03)
12145,Ollie Watkins,15,16924815,7.80,https://cdn.sportmonks.com/images/soccer/players/17/12145.png,4,3,1,0,0,31,20,64,1,0,0,0,7,1,0,90,Aston Villa vs Arsenal (2021-02-06)
12145,Ollie Watkins,15,16943038,6.82,https://cdn.sportmonks.com/images/soccer/players/17/12145.png,0,0,0,0,0,21,16,76,0,1,0,0,4,0,0,90,Brighton & Hove Albion vs Aston Villa (2021-02-13)
